{"loss": [1.6769568920135498, 0.7145785689353943, 0.4503721296787262, 0.31175491213798523, 0.23641058802604675, 0.1825527548789978], "accuracy": [0.5201067924499512, 0.7788878679275513, 0.8592208623886108, 0.9010681509971619, 0.9236255288124084, 0.9403079152107239], "val_loss": [1.419801115989685, 0.8601202964782715, 0.6090234518051147, 0.5503424406051636, 0.6969053149223328, 0.6089354157447815], "val_accuracy": [0.5737537145614624, 0.7351468205451965, 0.8115752339363098, 0.8329728841781616, 0.8094127178192139, 0.8299567699432373]}